step,loss,lr,secs
50,0.06939,0.0002,15
100,0.0354,0.0002,23
150,0.04615,0.0002,31
200,0.04364,0.0002,39
250,0.0484,0.0002,48
300,0.03097,0.0002,56
350,0.03604,0.0002,65
400,0.03486,0.0002,74
450,0.03694,0.0002,82
500,0.01937,0.0002,91
550,0.02659,0.0002,100
600,0.03524,0.0002,109
650,0.02173,0.0002,118
700,0.04028,0.0002,127
750,0.02349,0.0002,136
800,0.03425,0.0002,145
850,0.03943,0.0002,154
900,0.04463,0.0002,163
950,0.03271,0.0002,172
1000,0.03536,0.0002,181
1050,0.02881,0.0002,189
1100,0.03001,0.0002,198
1150,0.03165,0.0002,207
1200,0.02418,0.0002,216
1250,0.0333,0.0002,225
1300,0.02664,0.0002,234
1350,0.01171,0.0002,243
1400,0.02736,0.0002,252
1450,0.03016,0.0002,261
1500,0.02404,0.0002,270
1550,0.02238,0.0002,278
1600,0.02764,0.0002,287
1650,0.01878,0.0002,296
1700,0.0265,0.0002,305
1750,0.01765,0.0002,314
1800,0.02207,0.0002,323
1850,0.03067,0.0002,332
1900,0.03231,0.0002,341
1950,0.02979,0.0002,350
2000,0.02339,0.0002,359
2050,0.01333,0.0002,368
2100,0.02211,0.0002,377
2150,0.01808,0.0002,386
2200,0.01245,0.0002,395
2250,0.01787,0.0002,404
2300,0.01896,0.0002,412
2350,0.01752,0.0002,421
2400,0.01901,0.0002,430
2450,0.0207,0.0002,439
2500,0.01927,0.0002,448
2550,0.02148,0.0002,457
2600,0.00824,0.0002,466
2650,0.01409,0.0002,475
2700,0.02156,0.0002,484
2750,0.01135,0.0002,493
2800,0.00875,0.0002,502
2850,0.00684,0.0002,511
2900,0.0141,0.0002,520
2950,0.01733,0.0002,529
3000,0.02372,0.0002,538
3050,0.01152,0.0002,547
3100,0.00256,0.0002,556
3150,0.01275,0.0002,565
3200,0.01424,0.000199,574
3250,0.00558,0.000199,583
3300,0.00718,0.000199,592
3350,0.00322,0.000199,600
3400,0.00693,0.000199,609
3450,0.01089,0.000199,618
3500,0.01014,0.000199,627
3550,0.00694,0.000199,636
3600,0.01446,0.000199,645
3650,0.00957,0.000199,654
3700,0.01375,0.000199,663
3750,0.01431,0.000199,671
3800,0.01597,0.000199,680
3850,0.00512,0.000199,689
3900,0.00976,0.000199,698
3950,0.01101,0.000199,707
4000,0.02167,0.000199,716
4050,0.01197,0.000199,725
4100,0.00386,0.000199,734
4150,0.01757,0.000199,743
4200,0.01669,0.000199,752
4250,0.01039,0.000199,760
4300,0.00854,0.000199,769
4350,0.00764,0.000199,778
4400,0.00627,0.000199,787
4450,0.01453,0.000199,796
4500,0.00685,0.000199,805
4550,0.01959,0.000199,814
4600,0.01143,0.000199,823
4650,0.00271,0.000199,832
4700,0.01388,0.000199,840
4750,0.00875,0.000199,849
4800,0.01297,0.000199,858
4850,0.00799,0.000199,867
4950,0.02104,0.000199,885
5000,0.01727,0.000199,894
5050,0.01613,0.000199,903
5100,0.01071,0.000199,912
5150,0.01527,0.000199,921
5200,0.00249,0.000199,930
5250,0.00699,0.000199,938
5300,0.00669,0.000199,947
5350,0.00772,0.000199,956
5400,0.01518,0.000199,965
5450,0.01746,0.000199,974
5500,0.00366,0.000199,983
5550,0.0123,0.000198,992
5600,0.00697,0.000198,1001
5650,0.00846,0.000198,1009
5700,0.01478,0.000198,1018
5750,0.0048,0.000198,1027
5800,0.00446,0.000198,1036
5850,0.01001,0.000198,1045
5900,0.00761,0.000198,1054
5950,0.00389,0.000198,1063
6000,0.0032,0.000198,1072
