image,variant,psnr_out
0801.png,equal_selected_top2,29.234907150268555
0801.png,uniform_all3,28.573740005493164
0812.png,equal_selected_top2,27.957759857177734
0812.png,uniform_all3,27.9433536529541
0823.png,equal_selected_top2,27.096359252929688
0823.png,uniform_all3,26.247844696044922
0834.png,equal_selected_top2,24.376869201660156
0834.png,uniform_all3,24.38645362854004
0845.png,equal_selected_top2,24.322551727294922
0845.png,uniform_all3,23.73638153076172
0856.png,equal_selected_top2,23.074127197265625
0856.png,uniform_all3,22.688953399658203
0867.png,equal_selected_top2,26.639707565307617
0867.png,uniform_all3,26.28215980529785
0878.png,equal_selected_top2,29.3865966796875
0878.png,uniform_all3,28.871131896972656
0889.png,equal_selected_top2,28.08566665649414
0889.png,uniform_all3,28.220989227294922
0900.png,equal_selected_top2,26.016557693481445
0900.png,uniform_all3,25.91637420654297
