method,image,seed,blur_sigma,scale,noise_sigma,jpeg_quality,tile,psnr_in,psnr_out,seconds
fcsg,0801.png,0,1.4554425309821815,1.2697867137638703,6.843808577128761,34,128,28.08823013305664,29.282245635986328,1.4139125100000456
fcsg,0801.png,0,1.4554425309821815,1.2697867137638703,6.843808577128761,34,256,28.08823013305664,29.319580078125,1.0859752059999437
fcsg,0801.png,0,1.4554425309821815,1.2697867137638703,6.843808577128761,34,512,28.08823013305664,29.33647346496582,1.1893705050000563
fcsg,0812.png,11,0.6928553041537995,1.499277862440115,32.06742609305108,77,128,17.270029067993164,27.928964614868164,1.6940756540000166
fcsg,0812.png,11,0.6928553041537995,1.499277862440115,32.06742609305108,77,256,17.270029067993164,27.938526153564453,1.2210675200000196
fcsg,0812.png,11,0.6928553041537995,1.499277862440115,32.06742609305108,77,512,17.270029067993164,27.923357009887695,1.5423551799999586
fcsg,0823.png,22,1.0495203731481142,1.199295379375083,8.985126796757552,47,128,26.214519500732422,27.192914962768555,1.4872928149999325
fcsg,0823.png,22,1.0495203731481142,1.199295379375083,8.985126796757552,47,256,26.214519500732422,27.233579635620117,1.0602829109999448
fcsg,0823.png,22,1.0495203731481142,1.199295379375083,8.985126796757552,47,512,26.214519500732422,27.249717712402344,1.1700989430000845
fcsg,0834.png,33,1.1654633554440008,1.5684911919245565,45.864669873236885,49,128,16.051067352294922,24.342506408691406,1.5269578090000095
fcsg,0834.png,33,1.1654633554440008,1.5684911919245565,45.864669873236885,49,256,16.051067352294922,24.379634857177734,1.0737940000000208
fcsg,0834.png,33,1.1654633554440008,1.5684911919245565,45.864669873236885,49,512,16.051067352294922,24.391727447509766,1.1802866369999947
fcsg,0845.png,44,0.6838482645108074,1.2581130747727731,23.2596827519509,35,128,23.0832462310791,24.35304832458496,1.5124878680001075
fcsg,0845.png,44,0.6838482645108074,1.2581130747727731,23.2596827519509,35,256,23.0832462310791,24.367839813232422,1.0758247229999824
fcsg,0845.png,44,0.6838482645108074,1.2581130747727731,23.2596827519509,35,512,23.0832462310791,24.36658477783203,1.181586058999983
fcsg,0856.png,55,1.748378275182426,1.8706456117163413,14.826285447918032,81,128,21.15947914123535,23.078601837158203,1.500605878999977
fcsg,0856.png,55,1.748378275182426,1.8706456117163413,14.826285447918032,81,256,21.15947914123535,23.111536026000977,1.0770669409999982
fcsg,0856.png,55,1.748378275182426,1.8706456117163413,14.826285447918032,81,512,21.15947914123535,23.123912811279297,1.1877624219999916
fcsg,0867.png,66,1.8856008169038971,1.6928181311243269,8.282064930317711,78,128,25.37494468688965,26.637840270996094,1.535541147999993
fcsg,0867.png,66,1.8856008169038971,1.6928181311243269,8.282064930317711,78,256,25.37494468688965,26.708486557006836,1.0902347769999778
fcsg,0867.png,66,1.8856008169038971,1.6928181311243269,8.282064930317711,78,512,25.37494468688965,26.730953216552734,1.2029954019999423
fcsg,0878.png,77,1.6788984628137396,1.5511719558003152,15.97496886290472,87,128,22.029827117919922,29.373699188232422,1.9692754289999357
fcsg,0878.png,77,1.6788984628137396,1.5511719558003152,15.97496886290472,87,256,22.029827117919922,29.439224243164062,1.4501503289999391
fcsg,0878.png,77,1.6788984628137396,1.5511719558003152,15.97496886290472,87,512,22.029827117919922,29.456066131591797,1.6205398010000636
fcsg,0889.png,88,0.8093679646847753,1.703187554594811,35.98292748114514,87,128,17.30617904663086,28.041170120239258,1.5233211639999809
fcsg,0889.png,88,0.8093679646847753,1.703187554594811,35.98292748114514,87,256,17.30617904663086,28.058012008666992,1.0992153830000007
fcsg,0889.png,88,0.8093679646847753,1.703187554594811,35.98292748114514,87,512,17.30617904663086,28.070693969726562,1.210372573000086
fcsg,0900.png,99,1.2590460118225917,1.5650916317844883,28.03621818614233,92,128,19.336902618408203,25.989788055419922,1.322496569000009
fcsg,0900.png,99,1.2590460118225917,1.5650916317844883,28.03621818614233,92,256,19.336902618408203,26.03050422668457,0.9026306440000553
fcsg,0900.png,99,1.2590460118225917,1.5650916317844883,28.03621818614233,92,512,19.336902618408203,26.0701961517334,1.2149920909999992
dncnn_composite,0801.png,0,1.4554425309821815,1.2697867137638703,6.843808577128761,34,128,28.08823013305664,28.260591506958008,1.248257738999996
dncnn_composite,0801.png,0,1.4554425309821815,1.2697867137638703,6.843808577128761,34,256,28.08823013305664,28.216533660888672,0.9752504719999706
dncnn_composite,0801.png,0,1.4554425309821815,1.2697867137638703,6.843808577128761,34,512,28.08823013305664,28.18070411682129,1.0942862269999978
dncnn_composite,0812.png,11,0.6928553041537995,1.499277862440115,32.06742609305108,77,128,17.270029067993164,28.590364456176758,1.436794364000093
dncnn_composite,0812.png,11,0.6928553041537995,1.499277862440115,32.06742609305108,77,256,17.270029067993164,28.59774398803711,1.1458618389999629
dncnn_composite,0812.png,11,0.6928553041537995,1.499277862440115,32.06742609305108,77,512,17.270029067993164,28.596973419189453,1.4719874300000129
dncnn_composite,0823.png,22,1.0495203731481142,1.199295379375083,8.985126796757552,47,128,26.214519500732422,27.786834716796875,1.2605713259999902
dncnn_composite,0823.png,22,1.0495203731481142,1.199295379375083,8.985126796757552,47,256,26.214519500732422,27.787111282348633,0.9832693749999635
dncnn_composite,0823.png,22,1.0495203731481142,1.199295379375083,8.985126796757552,47,512,26.214519500732422,27.79362678527832,1.1022518710000213
dncnn_composite,0834.png,33,1.1654633554440008,1.5684911919245565,45.864669873236885,49,128,16.051067352294922,24.641416549682617,1.272631509000007
dncnn_composite,0834.png,33,1.1654633554440008,1.5684911919245565,45.864669873236885,49,256,16.051067352294922,24.653640747070312,0.9885139470000013
dncnn_composite,0834.png,33,1.1654633554440008,1.5684911919245565,45.864669873236885,49,512,16.051067352294922,24.656932830810547,1.1174966659999654
dncnn_composite,0845.png,44,0.6838482645108074,1.2581130747727731,23.2596827519509,35,128,23.0832462310791,26.371597290039062,1.27328301
dncnn_composite,0845.png,44,0.6838482645108074,1.2581130747727731,23.2596827519509,35,256,23.0832462310791,26.3890380859375,0.9912100310000369
dncnn_composite,0845.png,44,0.6838482645108074,1.2581130747727731,23.2596827519509,35,512,23.0832462310791,26.396753311157227,1.1194201420000809
dncnn_composite,0856.png,55,1.748378275182426,1.8706456117163413,14.826285447918032,81,128,21.15947914123535,23.47323226928711,1.2804181839999274
dncnn_composite,0856.png,55,1.748378275182426,1.8706456117163413,14.826285447918032,81,256,21.15947914123535,23.489154815673828,0.9976673340000843
dncnn_composite,0856.png,55,1.748378275182426,1.8706456117163413,14.826285447918032,81,512,21.15947914123535,23.495389938354492,1.1278574799999888
dncnn_composite,0867.png,66,1.8856008169038971,1.6928181311243269,8.282064930317711,78,128,25.37494468688965,27.54002571105957,1.2813177620000715
dncnn_composite,0867.png,66,1.8856008169038971,1.6928181311243269,8.282064930317711,78,256,25.37494468688965,27.572856903076172,1.0018845040000315
dncnn_composite,0867.png,66,1.8856008169038971,1.6928181311243269,8.282064930317711,78,512,25.37494468688965,27.57981300354004,1.1283360570000696
dncnn_composite,0878.png,77,1.6788984628137396,1.5511719558003152,15.97496886290472,87,128,22.029827117919922,30.7628173828125,1.6568196999999145
dncnn_composite,0878.png,77,1.6788984628137396,1.5511719558003152,15.97496886290472,87,256,22.029827117919922,30.80367088317871,1.3469333110000434
dncnn_composite,0878.png,77,1.6788984628137396,1.5511719558003152,15.97496886290472,87,512,22.029827117919922,30.814395904541016,1.5122384289999218
dncnn_composite,0889.png,88,0.8093679646847753,1.703187554594811,35.98292748114514,87,128,17.30617904663086,28.43484878540039,1.3002901910000446
dncnn_composite,0889.png,88,0.8093679646847753,1.703187554594811,35.98292748114514,87,256,17.30617904663086,28.437185287475586,1.018671511999969
dncnn_composite,0889.png,88,0.8093679646847753,1.703187554594811,35.98292748114514,87,512,17.30617904663086,28.43794059753418,1.1482691820000355
dncnn_composite,0900.png,99,1.2590460118225917,1.5650916317844883,28.03621818614233,92,128,19.336902618408203,27.433717727661133,1.119685890000028
dncnn_composite,0900.png,99,1.2590460118225917,1.5650916317844883,28.03621818614233,92,256,19.336902618408203,27.462862014770508,0.8504301350000105
dncnn_composite,0900.png,99,1.2590460118225917,1.5650916317844883,28.03621818614233,92,512,19.336902618408203,27.48150062561035,1.1487407759999542
ffdnet_blind,0801.png,0,1.4554425309821815,1.2697867137638703,6.843808577128761,34,128,28.08823013305664,29.376203536987305,0.4697883720000391
ffdnet_blind,0801.png,0,1.4554425309821815,1.2697867137638703,6.843808577128761,34,256,28.08823013305664,29.36558723449707,0.3347833109999101
ffdnet_blind,0801.png,0,1.4554425309821815,1.2697867137638703,6.843808577128761,34,512,28.08823013305664,29.365657806396484,0.36255952300007266
ffdnet_blind,0812.png,11,0.6928553041537995,1.499277862440115,32.06742609305108,77,128,17.270029067993164,28.859142303466797,0.530119486999979
ffdnet_blind,0812.png,11,0.6928553041537995,1.499277862440115,32.06742609305108,77,256,17.270029067993164,28.8748722076416,0.38774630099999285
ffdnet_blind,0812.png,11,0.6928553041537995,1.499277862440115,32.06742609305108,77,512,17.270029067993164,28.87759780883789,0.4852527310000596
ffdnet_blind,0823.png,22,1.0495203731481142,1.199295379375083,8.985126796757552,47,128,26.214519500732422,28.16179656982422,0.4619244230000277
ffdnet_blind,0823.png,22,1.0495203731481142,1.199295379375083,8.985126796757552,47,256,26.214519500732422,28.182266235351562,0.3312499699999307
ffdnet_blind,0823.png,22,1.0495203731481142,1.199295379375083,8.985126796757552,47,512,26.214519500732422,28.190670013427734,0.36373297800003
ffdnet_blind,0834.png,33,1.1654633554440008,1.5684911919245565,45.864669873236885,49,128,16.051067352294922,24.849336624145508,0.4580885650000255
ffdnet_blind,0834.png,33,1.1654633554440008,1.5684911919245565,45.864669873236885,49,256,16.051067352294922,24.857797622680664,0.3349651259999291
ffdnet_blind,0834.png,33,1.1654633554440008,1.5684911919245565,45.864669873236885,49,512,16.051067352294922,24.85967254638672,0.36540255400007027
ffdnet_blind,0845.png,44,0.6838482645108074,1.2581130747727731,23.2596827519509,35,128,23.0832462310791,26.651763916015625,0.45964885700004743
ffdnet_blind,0845.png,44,0.6838482645108074,1.2581130747727731,23.2596827519509,35,256,23.0832462310791,26.666950225830078,0.3360862200000838
ffdnet_blind,0845.png,44,0.6838482645108074,1.2581130747727731,23.2596827519509,35,512,23.0832462310791,26.67647361755371,0.3661940819999927
ffdnet_blind,0856.png,55,1.748378275182426,1.8706456117163413,14.826285447918032,81,128,21.15947914123535,23.700199127197266,0.458069137999928
ffdnet_blind,0856.png,55,1.748378275182426,1.8706456117163413,14.826285447918032,81,256,21.15947914123535,23.72086524963379,0.3363454359999878
ffdnet_blind,0856.png,55,1.748378275182426,1.8706456117163413,14.826285447918032,81,512,21.15947914123535,23.72939682006836,0.3670425880000039
ffdnet_blind,0867.png,66,1.8856008169038971,1.6928181311243269,8.282064930317711,78,128,25.37494468688965,28.095075607299805,0.4608021850000341
ffdnet_blind,0867.png,66,1.8856008169038971,1.6928181311243269,8.282064930317711,78,256,25.37494468688965,28.144405364990234,0.33299239600000874
ffdnet_blind,0867.png,66,1.8856008169038971,1.6928181311243269,8.282064930317711,78,512,25.37494468688965,28.158681869506836,0.363255200000026
ffdnet_blind,0878.png,77,1.6788984628137396,1.5511719558003152,15.97496886290472,87,128,22.029827117919922,31.05670166015625,0.5924197780000213
ffdnet_blind,0878.png,77,1.6788984628137396,1.5511719558003152,15.97496886290472,87,256,22.029827117919922,31.10213851928711,0.4463493450000442
ffdnet_blind,0878.png,77,1.6788984628137396,1.5511719558003152,15.97496886290472,87,512,22.029827117919922,31.10916519165039,0.48911355699999604
ffdnet_blind,0889.png,88,0.8093679646847753,1.703187554594811,35.98292748114514,87,128,17.30617904663086,28.576440811157227,0.46602551700004824
ffdnet_blind,0889.png,88,0.8093679646847753,1.703187554594811,35.98292748114514,87,256,17.30617904663086,28.569734573364258,0.3345402900000636
ffdnet_blind,0889.png,88,0.8093679646847753,1.703187554594811,35.98292748114514,87,512,17.30617904663086,28.569244384765625,0.3681471180000244
ffdnet_blind,0900.png,99,1.2590460118225917,1.5650916317844883,28.03621818614233,92,128,19.336902618408203,27.628551483154297,0.3975075949999791
ffdnet_blind,0900.png,99,1.2590460118225917,1.5650916317844883,28.03621818614233,92,256,19.336902618408203,27.65394401550293,0.2774850470000274
ffdnet_blind,0900.png,99,1.2590460118225917,1.5650916317844883,28.03621818614233,92,512,19.336902618408203,27.67505645751953,0.3654401799999505
ffdnet_composite,0801.png,0,1.4554425309821815,1.2697867137638703,6.843808577128761,34,128,28.08823013305664,29.39216423034668,0.46076353399996606
ffdnet_composite,0801.png,0,1.4554425309821815,1.2697867137638703,6.843808577128761,34,256,28.08823013305664,29.387386322021484,0.3340276559999893
ffdnet_composite,0801.png,0,1.4554425309821815,1.2697867137638703,6.843808577128761,34,512,28.08823013305664,29.389423370361328,0.3615557189999663
ffdnet_composite,0812.png,11,0.6928553041537995,1.499277862440115,32.06742609305108,77,128,17.270029067993164,28.899858474731445,0.5257622379999702
ffdnet_composite,0812.png,11,0.6928553041537995,1.499277862440115,32.06742609305108,77,256,17.270029067993164,28.911651611328125,0.38735829099994135
ffdnet_composite,0812.png,11,0.6928553041537995,1.499277862440115,32.06742609305108,77,512,17.270029067993164,28.916839599609375,0.4813550150000765
ffdnet_composite,0823.png,22,1.0495203731481142,1.199295379375083,8.985126796757552,47,128,26.214519500732422,28.242891311645508,0.4574563380000427
ffdnet_composite,0823.png,22,1.0495203731481142,1.199295379375083,8.985126796757552,47,256,26.214519500732422,28.262006759643555,0.3283043580000822
ffdnet_composite,0823.png,22,1.0495203731481142,1.199295379375083,8.985126796757552,47,512,26.214519500732422,28.269567489624023,0.36175718799995593
ffdnet_composite,0834.png,33,1.1654633554440008,1.5684911919245565,45.864669873236885,49,128,16.051067352294922,24.88979148864746,0.45842275400002563
ffdnet_composite,0834.png,33,1.1654633554440008,1.5684911919245565,45.864669873236885,49,256,16.051067352294922,24.895675659179688,0.32727344499994615
ffdnet_composite,0834.png,33,1.1654633554440008,1.5684911919245565,45.864669873236885,49,512,16.051067352294922,24.8973445892334,0.3616374299999734
ffdnet_composite,0845.png,44,0.6838482645108074,1.2581130747727731,23.2596827519509,35,128,23.0832462310791,26.737279891967773,0.45644231400001445
ffdnet_composite,0845.png,44,0.6838482645108074,1.2581130747727731,23.2596827519509,35,256,23.0832462310791,26.753917694091797,0.3312977080000792
ffdnet_composite,0845.png,44,0.6838482645108074,1.2581130747727731,23.2596827519509,35,512,23.0832462310791,26.766128540039062,0.36164105600005314
ffdnet_composite,0856.png,55,1.748378275182426,1.8706456117163413,14.826285447918032,81,128,21.15947914123535,23.744827270507812,0.45384547499998007
ffdnet_composite,0856.png,55,1.748378275182426,1.8706456117163413,14.826285447918032,81,256,21.15947914123535,23.763225555419922,0.32995170899994264
ffdnet_composite,0856.png,55,1.748378275182426,1.8706456117163413,14.826285447918032,81,512,21.15947914123535,23.770160675048828,0.3605466940000497
ffdnet_composite,0867.png,66,1.8856008169038971,1.6928181311243269,8.282064930317711,78,128,25.37494468688965,28.110729217529297,0.4564447750000227
ffdnet_composite,0867.png,66,1.8856008169038971,1.6928181311243269,8.282064930317711,78,256,25.37494468688965,28.162105560302734,0.32945944300001884
ffdnet_composite,0867.png,66,1.8856008169038971,1.6928181311243269,8.282064930317711,78,512,25.37494468688965,28.1752872467041,0.3596014119999609
ffdnet_composite,0878.png,77,1.6788984628137396,1.5511719558003152,15.97496886290472,87,128,22.029827117919922,31.09510612487793,0.5893057209999597
ffdnet_composite,0878.png,77,1.6788984628137396,1.5511719558003152,15.97496886290472,87,256,22.029827117919922,31.140716552734375,0.43850234499996077
ffdnet_composite,0878.png,77,1.6788984628137396,1.5511719558003152,15.97496886290472,87,512,22.029827117919922,31.149682998657227,0.4791670959999692
ffdnet_composite,0889.png,88,0.8093679646847753,1.703187554594811,35.98292748114514,87,128,17.30617904663086,28.547054290771484,0.453859978999958
ffdnet_composite,0889.png,88,0.8093679646847753,1.703187554594811,35.98292748114514,87,256,17.30617904663086,28.537206649780273,0.33273857799997586
ffdnet_composite,0889.png,88,0.8093679646847753,1.703187554594811,35.98292748114514,87,512,17.30617904663086,28.535045623779297,0.36076406999995925
ffdnet_composite,0900.png,99,1.2590460118225917,1.5650916317844883,28.03621818614233,92,128,19.336902618408203,27.640840530395508,0.391052975999969
ffdnet_composite,0900.png,99,1.2590460118225917,1.5650916317844883,28.03621818614233,92,256,19.336902618408203,27.668460845947266,0.27308962500001144
ffdnet_composite,0900.png,99,1.2590460118225917,1.5650916317844883,28.03621818614233,92,512,19.336902618408203,27.688186645507812,0.3574711919999345
