step,loss,lr,psnr_in,psnr_out,secs
50,0.107219,1.988e-04,,,3
100,0.098527,1.951e-04,,,5
150,0.098882,1.892e-04,,,7
200,0.082017,1.810e-04,,,9
250,0.092314,1.709e-04,,,11
300,0.081158,1.590e-04,,,12
350,0.120408,1.457e-04,,,14
400,0.082203,1.312e-04,,,16
450,0.071089,1.161e-04,,,18
500,0.051517,1.005e-04,,,20
550,0.057810,8.493e-05,,,22
600,0.043600,6.975e-05,,,24
650,0.046207,5.533e-05,,,26
700,0.046763,4.202e-05,,,28
750,0.055013,3.014e-05,,,30
800,0.050150,2.000e-05,,,31
850,0.048359,1.184e-05,,,33
900,0.049799,5.870e-06,,,35
950,0.049954,2.225e-06,,,37
1000,0.050182,1.000e-06,,,39
1000,,,21.501,26.353,39
