method,image,psnr_in,psnr_out,ssim,lpips
dncnn_composite,0801.png,28.09,28.22,0.8362,0.2908
dncnn_composite,0802.png,27.37,33.95,0.8605,0.1625
dncnn_composite,0803.png,15.71,33.77,0.9226,0.1246
dncnn_composite,0804.png,16.16,26.95,0.7729,0.2746
dncnn_composite,0805.png,14.82,25.82,0.6134,0.5973
dncnn_composite,0806.png,18.14,26.57,0.7849,0.3058
dncnn_composite,0807.png,18.11,20.51,0.5117,0.5347
dncnn_composite,0808.png,16.25,25.80,0.7389,0.3647
dncnn_composite,0809.png,22.81,31.57,0.8479,0.2420
dncnn_composite,0810.png,16.54,25.48,0.6935,0.4803
dncnn_composite,0811.png,15.96,26.43,0.6442,0.5336
dncnn_composite,0812.png,17.27,28.60,0.8231,0.2721
dncnn_composite,0813.png,28.36,31.28,0.8635,0.2284
dncnn_composite,0814.png,15.68,26.52,0.8454,0.3515
dncnn_composite,0815.png,17.65,29.74,0.8362,0.3008
dncnn_composite,0816.png,25.01,30.11,0.7937,0.3688
dncnn_composite,0817.png,29.35,31.27,0.8692,0.2460
dncnn_composite,0818.png,17.80,26.89,0.8239,0.2558
dncnn_composite,0819.png,25.06,28.17,0.8158,0.2414
dncnn_composite,0820.png,20.31,26.03,0.8291,0.2089
dncnn_composite,0821.png,27.80,31.93,0.9106,0.0649
dncnn_composite,0822.png,17.92,27.18,0.7320,0.3029
dncnn_composite,0823.png,26.21,27.79,0.8505,0.2380
dncnn_composite,0824.png,25.07,27.88,0.8758,0.2480
dncnn_composite,0825.png,21.15,27.46,0.8008,0.2671
dncnn_composite,0826.png,25.15,27.29,0.8472,0.2103
dncnn_composite,0827.png,30.95,34.00,0.8764,0.3562
dncnn_composite,0828.png,17.10,18.76,0.7848,0.1763
dncnn_composite,0829.png,15.75,25.43,0.4580,0.6518
dncnn_composite,0830.png,17.82,26.30,0.7885,0.3024
dncnn_composite,0831.png,29.44,29.73,0.9085,0.1467
dncnn_composite,0832.png,20.16,27.15,0.7726,0.3233
dncnn_composite,0833.png,25.07,33.64,0.8925,0.3178
dncnn_composite,0834.png,16.05,24.65,0.7220,0.3548
dncnn_composite,0835.png,23.60,24.43,0.7092,0.3738
dncnn_composite,0836.png,15.53,25.50,0.7567,0.2947
dncnn_composite,0837.png,15.65,25.92,0.7909,0.2470
dncnn_composite,0838.png,29.15,36.36,0.8915,0.4275
dncnn_composite,0839.png,17.69,28.06,0.6774,0.3434
dncnn_composite,0840.png,27.16,29.08,0.8233,0.2672
dncnn_composite,0841.png,17.67,25.90,0.7521,0.4719
dncnn_composite,0842.png,26.95,26.16,0.7959,0.3124
dncnn_composite,0843.png,20.44,35.45,0.9482,0.2736
dncnn_composite,0844.png,36.25,41.00,0.9776,0.0630
dncnn_composite,0845.png,23.08,26.39,0.8144,0.2817
dncnn_composite,0846.png,16.09,24.52,0.7038,0.3386
dncnn_composite,0847.png,23.40,25.60,0.7361,0.3289
dncnn_composite,0848.png,21.99,25.80,0.6599,0.4137
dncnn_composite,0849.png,19.78,22.61,0.7465,0.2732
dncnn_composite,0850.png,21.91,28.95,0.8149,0.3020
dncnn_composite,0851.png,20.99,26.99,0.7993,0.2406
dncnn_composite,0852.png,26.22,28.52,0.7051,0.4517
dncnn_composite,0853.png,19.11,31.31,0.8768,0.2960
dncnn_composite,0854.png,22.68,26.73,0.7962,0.2526
dncnn_composite,0855.png,28.26,30.76,0.7869,0.4741
dncnn_composite,0856.png,21.16,23.49,0.6161,0.5221
dncnn_composite,0857.png,13.93,32.51,0.7635,0.6031
dncnn_composite,0858.png,16.78,26.08,0.6157,0.4894
dncnn_composite,0859.png,23.45,26.47,0.7266,0.3514
dncnn_composite,0860.png,20.09,21.46,0.6821,0.4190
dncnn_composite,0861.png,23.50,26.18,0.8237,0.1982
dncnn_composite,0862.png,16.49,31.67,0.7884,0.4833
dncnn_composite,0863.png,17.92,30.76,0.8425,0.2826
dncnn_composite,0864.png,26.45,29.89,0.7733,0.3878
dncnn_composite,0865.png,25.90,26.64,0.7216,0.4823
dncnn_composite,0866.png,20.34,26.77,0.8527,0.2776
dncnn_composite,0867.png,25.37,27.57,0.8118,0.2912
dncnn_composite,0868.png,19.78,32.57,0.9402,0.1089
dncnn_composite,0869.png,16.42,23.58,0.7613,0.3729
dncnn_composite,0870.png,15.03,26.23,0.7351,0.3284
dncnn_composite,0871.png,26.18,30.48,0.8670,0.2041
dncnn_composite,0872.png,16.17,24.13,0.6712,0.3901
dncnn_composite,0873.png,22.14,23.43,0.6866,0.4254
dncnn_composite,0874.png,22.38,30.14,0.7798,0.3256
dncnn_composite,0875.png,15.92,22.67,0.5291,0.5024
dncnn_composite,0876.png,18.52,22.90,0.5880,0.4635
dncnn_composite,0877.png,17.99,33.85,0.9130,0.2736
dncnn_composite,0878.png,22.03,30.80,0.8618,0.2598
dncnn_composite,0879.png,21.48,27.56,0.8496,0.2027
dncnn_composite,0880.png,14.46,28.77,0.8156,0.3198
dncnn_composite,0881.png,25.37,25.34,0.7780,0.3315
dncnn_composite,0882.png,15.19,30.54,0.8918,0.1870
dncnn_composite,0883.png,21.42,25.12,0.6547,0.4015
dncnn_composite,0884.png,18.18,26.04,0.7244,0.3471
dncnn_composite,0885.png,15.06,21.95,0.5012,0.5960
dncnn_composite,0886.png,19.79,34.28,0.8975,0.3259
dncnn_composite,0887.png,20.01,24.85,0.7192,0.3535
dncnn_composite,0888.png,25.69,29.76,0.8587,0.2145
dncnn_composite,0889.png,17.31,28.44,0.8424,0.1594
dncnn_composite,0890.png,17.79,24.69,0.6955,0.4227
dncnn_composite,0891.png,20.27,26.51,0.7886,0.2540
dncnn_composite,0892.png,15.73,27.55,0.8556,0.1728
dncnn_composite,0893.png,24.56,31.73,0.7850,0.4643
dncnn_composite,0894.png,22.61,28.85,0.8045,0.3281
dncnn_composite,0895.png,15.54,21.17,0.6017,0.4862
dncnn_composite,0896.png,28.23,35.13,0.9257,0.1877
dncnn_composite,0897.png,17.12,21.44,0.6165,0.3524
dncnn_composite,0898.png,19.19,32.31,0.8813,0.2831
dncnn_composite,0899.png,25.23,24.41,0.8137,0.2769
dncnn_composite,0900.png,19.34,27.46,0.7887,0.2331
fcsg,0801.png,28.09,29.32,0.8383,0.2845
fcsg,0802.png,27.37,32.99,0.8372,0.1692
fcsg,0803.png,15.71,32.08,0.8852,0.2112
fcsg,0804.png,16.16,26.43,0.7401,0.3430
fcsg,0805.png,14.82,25.64,0.5991,0.6292
fcsg,0806.png,18.14,26.08,0.7620,0.3629
fcsg,0807.png,18.11,20.15,0.4838,0.6158
fcsg,0808.png,16.25,25.33,0.7113,0.4137
fcsg,0809.png,22.81,31.48,0.8433,0.2619
fcsg,0810.png,16.54,25.26,0.6763,0.5247
fcsg,0811.png,15.96,26.17,0.6277,0.5821
fcsg,0812.png,17.27,27.94,0.7959,0.3415
fcsg,0813.png,28.36,31.12,0.8452,0.2583
fcsg,0814.png,15.68,26.02,0.8174,0.4843
fcsg,0815.png,17.65,29.16,0.8189,0.3405
fcsg,0816.png,25.01,29.70,0.7789,0.4165
fcsg,0817.png,29.35,30.91,0.8550,0.2893
fcsg,0818.png,17.80,26.17,0.7976,0.3456
fcsg,0819.png,25.06,27.89,0.8020,0.2922
fcsg,0820.png,20.31,24.74,0.7862,0.3362
fcsg,0821.png,27.80,29.79,0.8473,0.0985
fcsg,0822.png,17.92,26.53,0.7019,0.4122
fcsg,0823.png,26.21,27.23,0.8262,0.3209
fcsg,0824.png,25.07,26.91,0.8539,0.3216
fcsg,0825.png,21.15,26.56,0.7667,0.3595
fcsg,0826.png,25.15,25.76,0.8054,0.3054
fcsg,0827.png,30.95,32.97,0.8639,0.3822
fcsg,0828.png,17.10,17.93,0.6963,0.2768
fcsg,0829.png,15.75,25.16,0.4495,0.6561
fcsg,0830.png,17.82,25.62,0.7600,0.3875
fcsg,0831.png,29.44,31.39,0.8854,0.2046
fcsg,0832.png,20.16,26.22,0.7383,0.4269
fcsg,0833.png,25.07,32.75,0.8769,0.3841
fcsg,0834.png,16.05,24.38,0.7076,0.4177
fcsg,0835.png,23.60,24.20,0.6857,0.5020
fcsg,0836.png,15.53,24.62,0.7185,0.4012
fcsg,0837.png,15.65,25.12,0.7475,0.3809
fcsg,0838.png,29.15,36.42,0.8869,0.4470
fcsg,0839.png,17.69,27.62,0.5721,0.4178
fcsg,0840.png,27.16,28.72,0.8104,0.3075
fcsg,0841.png,17.67,25.44,0.7185,0.5365
fcsg,0842.png,26.95,28.23,0.8001,0.3085
fcsg,0843.png,20.44,33.54,0.9079,0.5120
fcsg,0844.png,36.25,38.57,0.9715,0.1114
fcsg,0845.png,23.08,24.37,0.7547,0.3890
fcsg,0846.png,16.09,23.35,0.6623,0.4641
fcsg,0847.png,23.40,25.23,0.7121,0.3945
fcsg,0848.png,21.99,25.11,0.6332,0.4868
fcsg,0849.png,19.78,21.66,0.6907,0.4335
fcsg,0850.png,21.91,28.08,0.7853,0.3826
fcsg,0851.png,20.99,26.38,0.7687,0.3361
fcsg,0852.png,26.22,28.10,0.6784,0.5076
fcsg,0853.png,19.11,30.17,0.8485,0.3375
fcsg,0854.png,22.68,25.98,0.7735,0.3386
fcsg,0855.png,28.26,30.76,0.7790,0.4977
fcsg,0856.png,21.16,23.11,0.5943,0.5840
fcsg,0857.png,13.93,31.57,0.7337,0.6863
fcsg,0858.png,16.78,25.84,0.6041,0.5349
fcsg,0859.png,23.45,26.21,0.7157,0.4139
fcsg,0860.png,20.09,21.16,0.6542,0.4931
fcsg,0861.png,23.50,24.14,0.7366,0.4059
fcsg,0862.png,16.49,31.37,0.7763,0.5016
fcsg,0863.png,17.92,30.30,0.8239,0.3663
fcsg,0864.png,26.45,29.58,0.7640,0.4227
fcsg,0865.png,25.90,26.44,0.7100,0.5306
fcsg,0866.png,20.34,26.43,0.8402,0.3159
fcsg,0867.png,25.37,26.71,0.7835,0.3553
fcsg,0868.png,19.78,31.52,0.9365,0.1534
fcsg,0869.png,16.42,23.38,0.7465,0.4228
fcsg,0870.png,15.03,25.92,0.7203,0.3984
fcsg,0871.png,26.18,30.26,0.8458,0.2784
fcsg,0872.png,16.17,23.71,0.6541,0.4238
fcsg,0873.png,22.14,23.12,0.6594,0.5160
fcsg,0874.png,22.38,29.50,0.7603,0.3853
fcsg,0875.png,15.92,22.12,0.4908,0.5810
fcsg,0876.png,18.52,22.49,0.5460,0.5512
fcsg,0877.png,17.99,31.10,0.8731,0.3712
fcsg,0878.png,22.03,29.44,0.8354,0.3641
fcsg,0879.png,21.48,26.76,0.8130,0.3337
fcsg,0880.png,14.46,28.40,0.7872,0.4892
fcsg,0881.png,25.37,26.27,0.7773,0.3611
fcsg,0882.png,15.19,29.44,0.8585,0.2491
fcsg,0883.png,21.42,24.63,0.6331,0.4704
fcsg,0884.png,18.18,25.42,0.6911,0.4179
fcsg,0885.png,15.06,21.67,0.4808,0.6366
fcsg,0886.png,19.79,33.56,0.8748,0.3574
fcsg,0887.png,20.01,24.35,0.6895,0.4485
fcsg,0888.png,25.69,29.19,0.8386,0.2523
fcsg,0889.png,17.31,28.06,0.8210,0.2077
fcsg,0890.png,17.79,24.46,0.6721,0.5463
fcsg,0891.png,20.27,25.32,0.7289,0.3690
fcsg,0892.png,15.73,26.36,0.8007,0.3617
fcsg,0893.png,24.56,31.10,0.7740,0.5165
fcsg,0894.png,22.61,28.07,0.7845,0.4080
fcsg,0895.png,15.54,20.98,0.5830,0.5589
fcsg,0896.png,28.23,34.86,0.9181,0.2132
fcsg,0897.png,17.12,21.11,0.5885,0.4382
fcsg,0898.png,19.19,31.20,0.8617,0.3279
fcsg,0899.png,25.23,26.20,0.8048,0.3307
fcsg,0900.png,19.34,26.03,0.7191,0.3133
ffdnet_blind,0801.png,28.09,29.37,0.8433,0.2643
ffdnet_blind,0802.png,27.37,33.93,0.8527,0.1626
ffdnet_blind,0803.png,15.71,34.48,0.9355,0.1497
ffdnet_blind,0804.png,16.16,27.06,0.7823,0.2645
ffdnet_blind,0805.png,14.82,25.97,0.6276,0.6071
ffdnet_blind,0806.png,18.14,26.82,0.7990,0.3051
ffdnet_blind,0807.png,18.11,20.63,0.5223,0.5178
ffdnet_blind,0808.png,16.25,25.92,0.7432,0.3697
ffdnet_blind,0809.png,22.81,31.52,0.8530,0.2364
ffdnet_blind,0810.png,16.54,25.61,0.7045,0.4932
ffdnet_blind,0811.png,15.96,26.58,0.6535,0.5366
ffdnet_blind,0812.png,17.27,28.87,0.8327,0.2706
ffdnet_blind,0813.png,28.36,31.86,0.8681,0.2261
ffdnet_blind,0814.png,15.68,26.73,0.8556,0.2878
ffdnet_blind,0815.png,17.65,30.01,0.8450,0.3131
ffdnet_blind,0816.png,25.01,30.49,0.8008,0.3686
ffdnet_blind,0817.png,29.35,31.97,0.8764,0.2392
ffdnet_blind,0818.png,17.80,27.14,0.8390,0.2659
ffdnet_blind,0819.png,25.06,28.18,0.8205,0.2487
ffdnet_blind,0820.png,20.31,26.22,0.8391,0.1941
ffdnet_blind,0821.png,27.80,31.79,0.9184,0.0664
ffdnet_blind,0822.png,17.92,27.42,0.7440,0.2958
ffdnet_blind,0823.png,26.21,28.18,0.8516,0.2209
ffdnet_blind,0824.png,25.07,28.48,0.8850,0.2291
ffdnet_blind,0825.png,21.15,27.59,0.8066,0.2711
ffdnet_blind,0826.png,25.15,27.15,0.8485,0.2120
ffdnet_blind,0827.png,30.95,34.11,0.8780,0.3515
ffdnet_blind,0828.png,17.10,18.61,0.7700,0.1829
ffdnet_blind,0829.png,15.75,25.50,0.4610,0.6745
ffdnet_blind,0830.png,17.82,26.44,0.7955,0.2952
ffdnet_blind,0831.png,29.44,33.24,0.9193,0.1300
ffdnet_blind,0832.png,20.16,27.54,0.7840,0.3142
ffdnet_blind,0833.png,25.07,34.12,0.8985,0.3306
ffdnet_blind,0834.png,16.05,24.86,0.7360,0.3482
ffdnet_blind,0835.png,23.60,24.51,0.7137,0.3524
ffdnet_blind,0836.png,15.53,25.79,0.7718,0.2665
ffdnet_blind,0837.png,15.65,26.10,0.7992,0.2330
ffdnet_blind,0838.png,29.15,36.85,0.8936,0.4339
ffdnet_blind,0839.png,17.69,28.19,0.7691,0.3400
ffdnet_blind,0840.png,27.16,29.07,0.8238,0.2735
ffdnet_blind,0841.png,17.67,26.09,0.7628,0.4679
ffdnet_blind,0842.png,26.95,28.87,0.8160,0.2682
ffdnet_blind,0843.png,20.44,36.51,0.9600,0.1448
ffdnet_blind,0844.png,36.25,41.39,0.9795,0.0570
ffdnet_blind,0845.png,23.08,26.67,0.8228,0.2772
ffdnet_blind,0846.png,16.09,24.95,0.7378,0.2967
ffdnet_blind,0847.png,23.40,26.37,0.7532,0.3083
ffdnet_blind,0848.png,21.99,26.04,0.6694,0.4129
ffdnet_blind,0849.png,19.78,22.72,0.7528,0.2783
ffdnet_blind,0850.png,21.91,29.10,0.8216,0.2901
ffdnet_blind,0851.png,20.99,27.24,0.8256,0.2379
ffdnet_blind,0852.png,26.22,28.64,0.7354,0.4486
ffdnet_blind,0853.png,19.11,31.76,0.8858,0.2831
ffdnet_blind,0854.png,22.68,26.85,0.7995,0.2499
ffdnet_blind,0855.png,28.26,30.97,0.7938,0.4706
ffdnet_blind,0856.png,21.16,23.72,0.6313,0.5037
ffdnet_blind,0857.png,13.93,32.84,0.7719,0.6637
ffdnet_blind,0858.png,16.78,26.22,0.6247,0.4943
ffdnet_blind,0859.png,23.45,26.57,0.7340,0.3526
ffdnet_blind,0860.png,20.09,21.79,0.7054,0.3975
ffdnet_blind,0861.png,23.50,26.43,0.8517,0.1805
ffdnet_blind,0862.png,16.49,31.84,0.7949,0.4983
ffdnet_blind,0863.png,17.92,30.97,0.8542,0.2839
ffdnet_blind,0864.png,26.45,30.00,0.7822,0.3803
ffdnet_blind,0865.png,25.90,26.88,0.7269,0.4650
ffdnet_blind,0866.png,20.34,26.67,0.8516,0.2783
ffdnet_blind,0867.png,25.37,28.14,0.8279,0.2707
ffdnet_blind,0868.png,19.78,32.95,0.9583,0.0662
ffdnet_blind,0869.png,16.42,23.70,0.7714,0.3722
ffdnet_blind,0870.png,15.03,26.35,0.7457,0.3446
ffdnet_blind,0871.png,26.18,31.07,0.8768,0.2012
ffdnet_blind,0872.png,16.17,24.22,0.6761,0.3931
ffdnet_blind,0873.png,22.14,23.70,0.6954,0.4087
ffdnet_blind,0874.png,22.38,30.21,0.7837,0.3198
ffdnet_blind,0875.png,15.92,22.81,0.5395,0.4972
ffdnet_blind,0876.png,18.52,22.99,0.6019,0.4501
ffdnet_blind,0877.png,17.99,34.22,0.9207,0.2525
ffdnet_blind,0878.png,22.03,31.10,0.8697,0.2544
ffdnet_blind,0879.png,21.48,27.73,0.8569,0.2125
ffdnet_blind,0880.png,14.46,29.01,0.8284,0.2969
ffdnet_blind,0881.png,25.37,27.01,0.7981,0.3041
ffdnet_blind,0882.png,15.19,30.90,0.9068,0.2060
ffdnet_blind,0883.png,21.42,25.35,0.6684,0.3907
ffdnet_blind,0884.png,18.18,26.20,0.7344,0.3360
ffdnet_blind,0885.png,15.06,22.08,0.5133,0.5956
ffdnet_blind,0886.png,19.79,34.55,0.9023,0.3570
ffdnet_blind,0887.png,20.01,24.99,0.7271,0.3574
ffdnet_blind,0888.png,25.69,30.10,0.8662,0.2117
ffdnet_blind,0889.png,17.31,28.57,0.8496,0.1628
ffdnet_blind,0890.png,17.79,24.78,0.7040,0.4076
ffdnet_blind,0891.png,20.27,26.73,0.7984,0.2424
ffdnet_blind,0892.png,15.73,27.83,0.8691,0.1487
ffdnet_blind,0893.png,24.56,31.87,0.7888,0.4664
ffdnet_blind,0894.png,22.61,29.21,0.8146,0.3220
ffdnet_blind,0895.png,15.54,21.21,0.6043,0.4836
ffdnet_blind,0896.png,28.23,36.53,0.9319,0.1964
ffdnet_blind,0897.png,17.12,21.52,0.6259,0.3631
ffdnet_blind,0898.png,19.19,32.57,0.8859,0.2855
ffdnet_blind,0899.png,25.23,28.13,0.8419,0.2151
ffdnet_blind,0900.png,19.34,27.65,0.7950,0.2318
ffdnet_composite,0801.png,28.09,29.39,0.8449,0.2679
ffdnet_composite,0802.png,27.37,34.12,0.8648,0.1580
ffdnet_composite,0803.png,15.71,34.47,0.9346,0.1555
ffdnet_composite,0804.png,16.16,27.03,0.7809,0.2684
ffdnet_composite,0805.png,14.82,25.95,0.6271,0.6182
ffdnet_composite,0806.png,18.14,26.82,0.7996,0.3013
ffdnet_composite,0807.png,18.11,20.65,0.5266,0.5125
ffdnet_composite,0808.png,16.25,25.93,0.7444,0.3696
ffdnet_composite,0809.png,22.81,31.56,0.8539,0.2363
ffdnet_composite,0810.png,16.54,25.63,0.7057,0.4948
ffdnet_composite,0811.png,15.96,26.61,0.6559,0.5325
ffdnet_composite,0812.png,17.27,28.91,0.8357,0.2635
ffdnet_composite,0813.png,28.36,31.84,0.8702,0.2309
ffdnet_composite,0814.png,15.68,26.74,0.8557,0.2776
ffdnet_composite,0815.png,17.65,30.05,0.8458,0.3131
ffdnet_composite,0816.png,25.01,30.54,0.8020,0.3675
ffdnet_composite,0817.png,29.35,32.10,0.8777,0.2318
ffdnet_composite,0818.png,17.80,27.16,0.8408,0.2636
ffdnet_composite,0819.png,25.06,28.20,0.8215,0.2437
ffdnet_composite,0820.png,20.31,26.23,0.8398,0.1959
ffdnet_composite,0821.png,27.80,31.89,0.9208,0.0640
ffdnet_composite,0822.png,17.92,27.47,0.7472,0.2952
ffdnet_composite,0823.png,26.21,28.26,0.8575,0.2115
ffdnet_composite,0824.png,25.07,28.51,0.8856,0.2269
ffdnet_composite,0825.png,21.15,27.64,0.8086,0.2706
ffdnet_composite,0826.png,25.15,27.52,0.8590,0.1848
ffdnet_composite,0827.png,30.95,34.15,0.8800,0.3463
ffdnet_composite,0828.png,17.10,18.83,0.7836,0.1748
ffdnet_composite,0829.png,15.75,25.52,0.4616,0.6738
ffdnet_composite,0830.png,17.82,26.52,0.8000,0.2822
ffdnet_composite,0831.png,29.44,33.46,0.9250,0.1164
ffdnet_composite,0832.png,20.16,27.61,0.7860,0.3132
ffdnet_composite,0833.png,25.07,34.17,0.8995,0.3286
ffdnet_composite,0834.png,16.05,24.90,0.7369,0.3489
ffdnet_composite,0835.png,23.60,24.55,0.7140,0.3691
ffdnet_composite,0836.png,15.53,25.81,0.7724,0.2661
ffdnet_composite,0837.png,15.65,26.08,0.8000,0.2384
ffdnet_composite,0838.png,29.15,36.92,0.8946,0.4308
ffdnet_composite,0839.png,17.69,28.23,0.7852,0.3297
ffdnet_composite,0840.png,27.16,29.11,0.8260,0.2733
ffdnet_composite,0841.png,17.67,26.15,0.7653,0.4714
ffdnet_composite,0842.png,26.95,28.91,0.8167,0.2820
ffdnet_composite,0843.png,20.44,37.02,0.9646,0.1147
ffdnet_composite,0844.png,36.25,41.43,0.9798,0.0583
ffdnet_composite,0845.png,23.08,26.75,0.8258,0.2766
ffdnet_composite,0846.png,16.09,25.00,0.7412,0.2913
ffdnet_composite,0847.png,23.40,26.44,0.7562,0.3065
ffdnet_composite,0848.png,21.99,26.10,0.6732,0.4122
ffdnet_composite,0849.png,19.78,22.82,0.7569,0.2861
ffdnet_composite,0850.png,21.91,29.15,0.8227,0.2884
ffdnet_composite,0851.png,20.99,27.26,0.8273,0.2363
ffdnet_composite,0852.png,26.22,28.69,0.7435,0.4392
ffdnet_composite,0853.png,19.11,31.86,0.8880,0.2790
ffdnet_composite,0854.png,22.68,26.90,0.8018,0.2410
ffdnet_composite,0855.png,28.26,31.14,0.8006,0.4542
ffdnet_composite,0856.png,21.16,23.76,0.6346,0.4946
ffdnet_composite,0857.png,13.93,32.89,0.7722,0.6631
ffdnet_composite,0858.png,16.78,26.20,0.6256,0.4948
ffdnet_composite,0859.png,23.45,26.59,0.7348,0.3494
ffdnet_composite,0860.png,20.09,21.79,0.7042,0.3980
ffdnet_composite,0861.png,23.50,26.61,0.8617,0.1657
ffdnet_composite,0862.png,16.49,31.85,0.7955,0.4979
ffdnet_composite,0863.png,17.92,31.04,0.8551,0.2820
ffdnet_composite,0864.png,26.45,30.03,0.7832,0.3763
ffdnet_composite,0865.png,25.90,26.94,0.7289,0.4836
ffdnet_composite,0866.png,20.34,26.76,0.8555,0.2806
ffdnet_composite,0867.png,25.37,28.16,0.8286,0.2675
ffdnet_composite,0868.png,19.78,33.01,0.9588,0.0604
ffdnet_composite,0869.png,16.42,23.71,0.7721,0.3723
ffdnet_composite,0870.png,15.03,26.38,0.7466,0.3401
ffdnet_composite,0871.png,26.18,31.01,0.8786,0.2074
ffdnet_composite,0872.png,16.17,24.25,0.6793,0.3846
ffdnet_composite,0873.png,22.14,23.79,0.7008,0.4081
ffdnet_composite,0874.png,22.38,30.17,0.7816,0.3369
ffdnet_composite,0875.png,15.92,22.84,0.5415,0.4941
ffdnet_composite,0876.png,18.52,23.06,0.6105,0.4481
ffdnet_composite,0877.png,17.99,34.20,0.9210,0.2554
ffdnet_composite,0878.png,22.03,31.14,0.8704,0.2581
ffdnet_composite,0879.png,21.48,27.78,0.8582,0.2090
ffdnet_composite,0880.png,14.46,29.01,0.8286,0.2973
ffdnet_composite,0881.png,25.37,27.07,0.7997,0.2992
ffdnet_composite,0882.png,15.19,30.89,0.9066,0.2081
ffdnet_composite,0883.png,21.42,25.32,0.6638,0.4172
ffdnet_composite,0884.png,18.18,26.25,0.7365,0.3322
ffdnet_composite,0885.png,15.06,22.12,0.5161,0.5865
ffdnet_composite,0886.png,19.79,34.63,0.9035,0.3578
ffdnet_composite,0887.png,20.01,25.02,0.7283,0.3579
ffdnet_composite,0888.png,25.69,30.13,0.8672,0.2090
ffdnet_composite,0889.png,17.31,28.54,0.8502,0.1684
ffdnet_composite,0890.png,17.79,24.78,0.7045,0.4061
ffdnet_composite,0891.png,20.27,26.77,0.8010,0.2400
ffdnet_composite,0892.png,15.73,27.82,0.8695,0.1503
ffdnet_composite,0893.png,24.56,31.94,0.7895,0.4648
ffdnet_composite,0894.png,22.61,29.25,0.8159,0.3250
ffdnet_composite,0895.png,15.54,21.25,0.6101,0.4688
ffdnet_composite,0896.png,28.23,36.60,0.9321,0.1958
ffdnet_composite,0897.png,17.12,21.49,0.6210,0.3763
ffdnet_composite,0898.png,19.19,32.60,0.8861,0.2860
ffdnet_composite,0899.png,25.23,28.09,0.8417,0.2217
ffdnet_composite,0900.png,19.34,27.67,0.7944,0.2344
